hsa-mir-186-5p,0,1,hsa-let-7a,#N/A,dbdemc
hsa-mir-16-5p,0,1,hsa-let-7g,#N/A,dbdemc
hsa-mir-485-5p,0,1,hsa-miR-1,#N/A,dbdemc
hsa-mir-497-5p,0,1,hsa-miR-106a,#N/A,dbdemc
hsa-mir-206,0,1,hsa-miR-106b,hsa-miR-206,dbdemc
hsa-mir-33b-5p,0,1,hsa-miR-10b,#N/A,dbdemc
hsa-mir-19b-3p,0,1,hsa-miR-124a,#N/A,dbdemc
hsa-mir-7-5p,0,1,hsa-miR-125a,#N/A,
hsa-mir-361-5p,0,1,hsa-miR-126,#N/A,dbdemc
hsa-mir-185-5p,0,1,hsa-miR-127,#N/A,dbdemc
hsa-mir-154-5p,0,1,hsa-miR-128b,#N/A,dbdemc
hsa-mir-26b-5p,0,1,hsa-miR-129,#N/A,dbdemc
hsa-mir-9-5p,0,1,hsa-miR-129-2,#N/A,
hsa-mir-34c-5p,0,1,hsa-miR-130b,#N/A,dbdemc
hsa-mir-122-5p,0,1,hsa-miR-132,#N/A,dbdemc
hsa-mir-449b-5p,0,1,hsa-miR-133a,#N/A,dbdemc
hsa-mir-590-5p,0,1,hsa-miR-133b,#N/A,dbdemc
hsa-mir-139-5p,0,1,hsa-miR-135b,#N/A,dbdemc
hsa-mir-340-5p,0,1,hsa-miR-137,#N/A,dbdemc
hsa-mir-134-5p,0,1,hsa-miR-139,#N/A,
hsa-mir-211-5p,0,1,hsa-miR-140,#N/A,dbdemc
hsa-mir-153-3p,0,1,hsa-miR-141,#N/A,
hsa-mir-149-5p,0,1,hsa-miR-143,#N/A,dbdemc
hsa-mir-499a-5p,0,1,hsa-miR-145,#N/A,
hsa-mir-183-5p,0,1,hsa-miR-155,#N/A,dbdemc
hsa-mir-129-5p,0,1,hsa-miR-17-5p,#N/A,dbdemc
hsa-mir-503-5p,0,1,hsa-miR-17-92,#N/A,dbdemc
hsa-mir-136-5p,0,1,hsa-miR-181a,#N/A,dbdemc
hsa-mir-324-5p,0,1,hsa-miR-181b,#N/A,dbdemc
hsa-mir-10a-5p,0,1,hsa-miR-182,#N/A,dbdemc
hsa-mir-199a-5p,0,1,hsa-miR-183,#N/A,dbdemc
hsa-mir-199b-5p,0,1,hsa-miR-18a,#N/A,dbdemc
hsa-mir-451a,0,1,hsa-miR-18a*,#N/A,dbdemc
hsa-mir-29c-5p,0,1,hsa-miR-192,#N/A,dbdemc
hsa-mir-181a-2-3p,0,1,hsa-miR-194,#N/A,dbdemc
hsa-mir-181b-2-3p,0,1,hsa-miR-195,#N/A,
hsa-mir-99b-5p,0,1,hsa-miR-196a,#N/A,dbdemc
hsa-mir-144-5p,0,1,hsa-miR-19a,#N/A,dbdemc
hsa-mir-128-1-5p,0,1,hsa-miR-19b,#N/A,dbdemc
hsa-mir-92a-2-5p,0,1,hsa-miR-200c,#N/A,dbdemc
hsa-mir-337-5p,0,1,hsa-miR-203,#N/A,dbdemc
hsa-mir-423-5p,0,1,hsa-miR-20a,#N/A,dbdemc
hsa-mir-663a,0,1,hsa-miR-21,#N/A,dbdemc
hsa-mir-99a-5p,0,1,hsa-miR-215,#N/A,
hsa-mir-378a-5p,0,1,hsa-miR-221,#N/A,dbdemc
hsa-mir-575,0,1,hsa-miR-224,#N/A,dbdemc
hsa-mir-373-5p,0,1,hsa-miR-24-1,#N/A,
hsa-mir-214-5p,0,1,hsa-miR-24-2,#N/A,dbdemc
hsa-mir-217-5p,0,1,hsa-miR-25,#N/A,
hsa-mir-452-5p,0,1,hsa-miR-26a,#N/A,dbdemc
hsa-mir-517a-3p,0,1,hsa-miR-27a,#N/A,
hsa-mir-320a-5p,0,1,hsa-miR-27b,#N/A,
hsa-mir-331-5p,0,1,hsa-miR-296,#N/A,
hsa-mir-26a-1-3p,0,1,hsa-miR-29a,#N/A,
hsa-mir-26a-2-3p,0,1,hsa-miR-29b,#N/A,
hsa-mir-100-5p,0,1,hsa-miR-30a-3p,#N/A,
hsa-mir-342-5p,0,1,hsa-miR-30a-5p,#N/A,
hsa-mir-193a-5p,0,1,hsa-miR-30c,#N/A,
hsa-mir-874-5p,0,1,hsa-miR-31,#N/A,
hsa-mir-519d-5p,0,1,hsa-miR-32,#N/A,
hsa-mir-302c-5p,0,1,hsa-miR-320,#N/A,
hsa-mir-367-5p,0,1,hsa-miR-328,#N/A,
hsa-mir-431-5p,0,1,hsa-miR-339,#N/A,
hsa-mir-409-5p,0,1,hsa-miR-342,#N/A,
hsa-mir-198,0,1,hsa-miR-34a,hsa-miR-198,dbdemc
hsa-mir-532-5p,0,1,hsa-miR-378*,#N/A,
hsa-mir-495-5p,0,1,hsa-miR-422a,#N/A,
hsa-mir-124-5p,0,1,hsa-miR-422b,#N/A,
hsa-mir-130b-5p,0,1,hsa-miR-451,#N/A,
hsa-mir-34b-5p,0,1,hsa-miR-497,#N/A,
hsa-mir-638,0,1,hsa-miR-7-3,hsa-miR-638,dbdemc
hsa-mir-1246,0,1,hsa-miR-9-1,#N/A,
hsa-mir-299-5p,0,1,hsa-miR-92,#N/A,
hsa-mir-151a-5p,0,1,hsa-miR-93,#N/A,
hsa-mir-377-5p,0,1,hsa-miR-95,#N/A,
hsa-mir-744-5p,0,1,hsa-miR-96,#N/A,
hsa-mir-362-5p,0,1,hsa-miR-20a,#N/A,
hsa-mir-376c-5p,0,1,hsa-miR-208,#N/A,
hsa-mir-487b-5p,0,1,hsa-miR-210,#N/A,
hsa-mir-370-5p,0,1,hsa-miR-223,#N/A,
hsa-mir-372-5p,0,1,hsa-miR-596,#N/A,
hsa-mir-301a-5p,0,1,hsa-miR-600,#N/A,
hsa-mir-574-5p,0,1,hsa-miR-601,#N/A,
hsa-mir-27b-5p,0,1,hsa-miR-602,#N/A,
hsa-mir-494-5p,0,1,hsa-miR-608,#N/A,
hsa-mir-129-2-3p,0,1,hsa-miR-611,#N/A,
hsa-mir-433-5p,0,1,hsa-miR-612,#N/A,
hsa-mir-376a-5p,0,1,hsa-miR-615,#N/A,
hsa-mir-410-5p,0,1,hsa-miR-622,#N/A,
hsa-mir-885-5p,0,1,hsa-miR-629,#N/A,
hsa-mir-345-5p,0,1,hsa-miR-637,#N/A,
hsa-mir-1301-5p,0,1,hsa-miR-638,#N/A,
hsa-mir-490-5p,0,1,hsa-miR-642,#N/A,
hsa-mir-1275,0,1,hsa-miR-654,#N/A,
hsa-mir-212-5p,0,1,hsa-miR-657,#N/A,
hsa-mir-520b-5p,0,1,hsa-miR-658,#N/A,
hsa-mir-188-5p,0,1,hsa-miR-662,#N/A,
hsa-mir-187-5p,0,1,hsa-miR-663,#N/A,
hsa-mir-202-5p,0,1,hsa-miR-769-3p,#N/A,
hsa-mir-92b-5p,0,1,hsa-miR-92b,#N/A,
hsa-mir-520d-5p,0,1,hsa-miR-137,#N/A,
hsa-mir-942-5p,0,1,hsa-miR-137,#N/A,
hsa-mir-542-5p,0,1,hsa-miR-137,hsa-miR-542-5p,dbdemc
hsa-mir-509-5p,0,1,hsa-miR-137,#N/A,
hsa-mir-511-5p,0,1,hsa-miR-137,#N/A,
hsa-mir-939-5p,0,1,hsa-miR-138,#N/A,
hsa-mir-1307-5p,0,1,hsa-miR-138,#N/A,
hsa-mir-940,0,1,hsa-miR-138-1,#N/A,
hsa-mir-369-5p,0,1,hsa-miR-138-1,#N/A,
hsa-mir-184,0,1,hsa-miR-138-2,hsa-miR-184,dbdemc
hsa-mir-95-5p,0,1,hsa-miR-206,#N/A,
hsa-mir-601,0,1,hsa-miR-206,hsa-miR-601,
hsa-mir-608,0,1,hsa-miR-206,hsa-miR-608,
hsa-mir-196a-1-3p,0,1,hsa-miR-206,#N/A,
hsa-mir-592,0,1,hsa-miR-207,#N/A,
hsa-mir-655-5p,0,1,hsa-miR-208,#N/A,
hsa-mir-510-5p,0,1,hsa-miR-20a,#N/A,
hsa-mir-582-5p,0,1,hsa-miR-20a,#N/A,
hsa-mir-512-5p,0,1,hsa-miR-20a,#N/A,
hsa-mir-203a-5p,0,1,hsa-miR-20a,#N/A,
hsa-mir-618,0,1,hsa-miR-20a,#N/A,
hsa-mir-135a-2-3p,0,1,hsa-miR-20a,#N/A,
hsa-mir-138-1-3p,0,1,hsa-miR-145,#N/A,
hsa-mir-138-2-3p,0,1,hsa-miR-145,#N/A,
hsa-mir-650,0,1,hsa-miR-145,#N/A,
hsa-mir-1228-5p,0,1,hsa-miR-145,#N/A,
hsa-mir-577,0,1,hsa-miR-148a,#N/A,
hsa-mir-616-5p,0,1,hsa-miR-15b,#N/A,
hsa-mir-182-5p,0.1,0.9,hsa-miR-197,#N/A,
hsa-mir-30e-5p,0.1,0.9,hsa-miR-197,#N/A,
hsa-mir-613,0.1,0.9,hsa-miR-197,#N/A,
hsa-mir-382-5p,0.1,0.9,hsa-miR-197,#N/A,
hsa-mir-103a-3p,0.1,0.9,hsa-miR-197,#N/A,
hsa-mir-135a-5p,0.1,0.9,hsa-miR-197,#N/A,
hsa-mir-216a-5p,0.1,0.9,hsa-miR-197,#N/A,
hsa-mir-181d-5p,0.1,0.9,hsa-miR-197,#N/A,
hsa-mir-425-5p,0.1,0.9,hsa-miR-198,#N/A,
hsa-mir-504-5p,0.1,0.9,hsa-miR-198,#N/A,
hsa-mir-708-5p,0.1,0.9,hsa-miR-198,#N/A,
hsa-mir-28-5p,0.1,0.9,hsa-miR-198,#N/A,
hsa-mir-1271-5p,0.1,0.9,hsa-miR-199a,#N/A,
hsa-mir-300,0.1,0.9,hsa-miR-199a,#N/A,
hsa-mir-411-5p,0.1,0.9,hsa-miR-199a,#N/A,
hsa-mir-148b-5p,0.1,0.9,hsa-miR-199a,#N/A,
hsa-mir-338-5p,0.1,0.9,hsa-miR-199a,#N/A,
hsa-mir-484,0.1,0.9,hsa-miR-199a,#N/A,
hsa-mir-500a-5p,0.1,0.9,hsa-miR-199a,#N/A,
hsa-mir-557,0.1,0.9,hsa-miR-199b,#N/A,
hsa-mir-596,0.1,0.9,hsa-miR-199b,hsa-miR-596,
hsa-mir-642a-5p,0.1,0.9,hsa-miR-21,#N/A,
hsa-mir-454-5p,0.1,0.9,hsa-miR-21,#N/A,
hsa-mir-29b-2-5p,0.1,0.9,hsa-miR-21,#N/A,
hsa-mir-103a-1-5p,0.1,0.9,hsa-miR-21,#N/A,
hsa-mir-103a-2-5p,0.1,0.9,hsa-miR-21,#N/A,
hsa-mir-671-5p,0.1,0.9,hsa-miR-210,#N/A,
hsa-mir-625-5p,0.1,0.9,hsa-miR-217,#N/A,
hsa-mir-508-5p,0.1,0.9,hsa-miR-221,#N/A,
hsa-mir-193b-5p,0.1,0.9,hsa-miR-25,#N/A,
hsa-mir-525-5p,0.1,0.9,hsa-miR-26a,#N/A,
hsa-mir-381-5p,0.1,0.9,hsa-miR-28,#N/A,
hsa-mir-520c-5p,0.1,0.9,hsa-miR-29b,#N/A,
hsa-mir-323a-5p,0.1,0.9,hsa-miR-29c,#N/A,
hsa-mir-1224-5p,0.1,0.9,hsa-miR-30a-3p,#N/A,
hsa-mir-302a-5p,0.1,0.9,hsa-miR-30b,#N/A,
hsa-mir-302d-5p,0.1,0.9,hsa-miR-30c-1,#N/A,
hsa-mir-129-1-3p,0.1,0.9,hsa-miR-30c-2,#N/A,
hsa-mir-758-5p,0.1,0.9,hsa-miR-30d,#N/A,
hsa-mir-612,0.1,0.9,hsa-miR-32,hsa-miR-612,
hsa-mir-665,0.1,0.9,hsa-miR-23a,#N/A,
hsa-mir-105-5p,0.1,0.9,hsa-miR-17-5p,#N/A,
hsa-mir-1207-5p,0.1,0.9,hsa-miR-17-5p,#N/A,
hsa-mir-1179,0.1,0.9,hsa-miR-181a,#N/A,
hsa-mir-765,0.1,0.9,hsa-miR-181a,#N/A,
hsa-mir-520h,0.1,0.9,hsa-miR-181b,#N/A,
hsa-mir-663b,0.1,0.9,hsa-miR-181b,#N/A,
hsa-mir-1233-5p,0.1,0.9,hsa-miR-181b,#N/A,
hsa-mir-488-5p,0.1,0.9,hsa-miR-181d,#N/A,
hsa-mir-7-2-3p,0.1,0.9,hsa-miR-182,#N/A,
hsa-mir-647,0.1,0.9,hsa-miR-183,#N/A,
hsa-mir-662,0.1,0.9,hsa-miR-18a,hsa-miR-662,
hsa-mir-7-1-3p,0.1,0.9,hsa-miR-196a,#N/A,
hsa-mir-151b,0.1,0.9,hsa-miR-196a,#N/A,
hsa-mir-760,0.1,0.9,hsa-miR-198,#N/A,
hsa-mir-378g,0.1,0.9,hsa-miR-19a,#N/A,
hsa-mir-1236-5p,0.1,0.9,hsa-miR-19a,#N/A,
hsa-mir-1296-5p,0.1,0.9,hsa-miR-19b,#N/A,
hsa-mir-675-5p,0.1,0.9,hsa-miR-19b,#N/A,
hsa-mir-1287-5p,0.1,0.9,hsa-miR-205,#N/A,
hsa-mir-1258,0.1,0.9,hsa-miR-20a,#N/A,
hsa-mir-570-5p,0.1,0.9,hsa-miR-222,#N/A,
hsa-mir-492,0.1,0.9,hsa-miR-222,#N/A,
hsa-mir-520a-5p,0.1,0.9,hsa-miR-222,#N/A,
hsa-mir-520e-5p,0.1,0.9,hsa-miR-222,#N/A,
hsa-mir-605-5p,0.1,0.9,hsa-miR-223,#N/A,
hsa-mir-551a,0.1,0.9,hsa-miR-223,hsa-miR-551a,
hsa-mir-573,0.1,0.9,hsa-miR-223,#N/A,
hsa-mir-302f,0.1,0.9,hsa-miR-223,#N/A,
hsa-mir-190b-5p,0.1,0.9,hsa-miR-223,#N/A,
hsa-mir-877-5p,0.1,0.9,hsa-miR-223,#N/A,
hsa-mir-1291,0.1,0.9,hsa-miR-223,#N/A,
hsa-mir-20b-5p,0.2,0.8,hsa-miR-223,#N/A,
hsa-mir-379-5p,0.2,0.8,hsa-miR-223,#N/A,
hsa-mir-181c-5p,0.2,0.8,hsa-miR-223,#N/A,
hsa-mir-346,0.2,0.8,hsa-miR-223,#N/A,
hsa-mir-98-5p,0.2,0.8,hsa-miR-223,#N/A,
hsa-mir-660-5p,0.2,0.8,hsa-miR-223,#N/A,
hsa-mir-297,0.2,0.8,hsa-miR-223,#N/A,
hsa-mir-513b-5p,0.2,0.8,hsa-miR-223,#N/A,
hsa-mir-513c-5p,0.2,0.8,hsa-miR-223,#N/A,
hsa-mir-571,0.2,0.8,hsa-miR-223,#N/A,
hsa-mir-652-5p,0.2,0.8,hsa-miR-223,#N/A,
hsa-mir-628-5p,0.2,0.8,hsa-miR-223,#N/A,
hsa-mir-597-5p,0.2,0.8,hsa-miR-223,#N/A,
hsa-mir-1973,0.2,0.8,hsa-miR-214,#N/A,
hsa-mir-576-5p,0.2,0.8,hsa-miR-214,#N/A,
hsa-mir-517c-3p,0.2,0.8,hsa-miR-214,#N/A,
hsa-mir-572,0.2,0.8,hsa-miR-214,hsa-miR-572,
hsa-mir-944,0.2,0.8,hsa-miR-214,#N/A,
hsa-mir-595,0.2,0.8,hsa-miR-214,#N/A,
hsa-mir-2861,0.2,0.8,hsa-miR-214,#N/A,
hsa-mir-1281,0.2,0.8,hsa-miR-214,#N/A,
hsa-mir-598-5p,0.2,0.8,hsa-miR-214,#N/A,
hsa-mir-551b-5p,0.2,0.8,hsa-miR-214,#N/A,
hsa-mir-1260b,0.2,0.8,hsa-miR-214,#N/A,
hsa-mir-325,0.2,0.8,hsa-miR-214,#N/A,
hsa-mir-4728-5p,0.2,0.8,hsa-miR-214,#N/A,
hsa-mir-520f-5p,0.2,0.8,hsa-miR-214,#N/A,
hsa-mir-1303,0.2,0.8,hsa-miR-214,#N/A,
hsa-mir-526b-5p,0.2,0.8,hsa-miR-214,#N/A,
hsa-mir-589-5p,0.2,0.8,hsa-miR-214,#N/A,
hsa-mir-329-5p,0.2,0.8,hsa-miR-214,#N/A,
hsa-mir-1181,0.2,0.8,hsa-miR-214,#N/A,
hsa-mir-548c-5p,0.2,0.8,hsa-miR-214,#N/A,
hsa-mir-518a-5p,0.2,0.8,hsa-miR-214,#N/A,
hsa-mir-449c-5p,0.2,0.8,hsa-miR-215,#N/A,
hsa-mir-3158-5p,0.2,0.8,hsa-miR-215,#N/A,
hsa-mir-6775-5p,0.2,0.8,hsa-miR-215,#N/A,
hsa-mir-3175,0.2,0.8,hsa-miR-216,#N/A,
hsa-mir-421,0.3,0.7,hsa-miR-214,#N/A,
hsa-mir-539-5p,0.3,0.7,hsa-miR-215,#N/A,
hsa-mir-374b-5p,0.3,0.7,hsa-miR-216,#N/A,
hsa-mir-148b-3p,0.3,0.7,hsa-miR-495,#N/A,
hsa-mir-216b-5p,0.3,0.7,hsa-miR-96,#N/A,
hsa-mir-132-3p,0.3,0.7,hsa-miR-129,#N/A,
hsa-mir-543,0.3,0.7,hsa-miR-34a,#N/A,
hsa-mir-29a-3p,0.3,0.7,hsa-miR-221,#N/A,
hsa-mir-491-5p,0.3,0.7,hsa-miR-128,#N/A,
hsa-mir-602,0.3,0.7,hsa-miR-128a,hsa-miR-602,
hsa-mir-637,0.3,0.7,hsa-miR-129-1,hsa-miR-637,
hsa-mir-654-5p,0.3,0.7,hsa-miR-129-2,#N/A,
hsa-mir-769-5p,0.3,0.7,hsa-miR-133,#N/A,
hsa-mir-646,0.3,0.7,hsa-miR-142,#N/A,
hsa-mir-376b-5p,0.3,0.7,hsa-miR-143,#N/A,
hsa-mir-505-5p,0.3,0.7,hsa-miR-145,#N/A,
hsa-mir-1285-5p,0.3,0.7,hsa-miR-146a,#N/A,
hsa-mir-523-5p,0.3,0.7,hsa-miR-146a,#N/A,
hsa-mir-501-5p,0.3,0.7,hsa-miR-146a,#N/A,
hsa-mir-298,0.3,0.7,hsa-miR-146a,#N/A,
hsa-mir-147a,0.3,0.7,hsa-miR-521,#N/A,
hsa-mir-1825,0.3,0.7,hsa-miR-194,#N/A,
hsa-mir-3651,0.3,0.7,hsa-miR-495,#N/A,
hsa-mir-711,0.3,0.7,hsa-miR-495,#N/A,
hsa-mir-1288-5p,0.3,0.7,hsa-miR-495,#N/A,
hsa-mir-645,0.3,0.7,hsa-miR-495,#N/A,
hsa-mir-519c-5p,0.3,0.7,hsa-miR-497,#N/A,
hsa-mir-639,0.3,0.7,hsa-miR-497,#N/A,
hsa-mir-3960,0.3,0.7,hsa-miR-498,#N/A,
hsa-mir-938,0.3,0.7,hsa-miR-498,#N/A,
hsa-mir-3177-5p,0.3,0.7,hsa-miR-498,#N/A,
hsa-mir-1323,0.3,0.7,hsa-miR-498,#N/A,
hsa-mir-802,0.3,0.7,hsa-miR-5,#N/A,
hsa-mir-1202,0.3,0.7,hsa-miR-5,#N/A,
hsa-mir-888-5p,0.3,0.7,hsa-miR-501,#N/A,
hsa-mir-6126,0.3,0.7,hsa-miR-501,#N/A,
hsa-mir-550a-5p,0.3,0.7,hsa-miR-501,#N/A,
hsa-mir-634,0.3,0.7,hsa-miR-501,#N/A,
hsa-mir-1180-5p,0.3,0.7,hsa-miR-503,#N/A,
hsa-mir-661,0.3,0.7,hsa-miR-508,#N/A,
hsa-mir-2909,0.3,0.7,hsa-miR-510,#N/A,
hsa-mir-3144-5p,0.3,0.7,hsa-miR-511,#N/A,
hsa-mir-889-5p,0.3,0.7,hsa-miR-513,#N/A,
hsa-mir-147b-5p,0.3,0.7,hsa-miR-515-3p,#N/A,
hsa-mir-1247-5p,0.3,0.7,hsa-miR-516-5p,#N/A,
hsa-mir-103b,0.3,0.7,hsa-miR-518a-2*,#N/A,
hsa-mir-1265,0.3,0.7,hsa-miR-518a-2*,#N/A,
hsa-mir-3196,0.3,0.7,hsa-miR-10a,#N/A,
hsa-mir-1294,0.3,0.7,hsa-miR-205,#N/A,
hsa-mir-1268a,0.3,0.7,hsa-miR-20a,#N/A,
hsa-mir-623,0.3,0.7,hsa-miR-31,#N/A,
hsa-mir-5692b,0.3,0.7,hsa-miR-320,#N/A,
hsa-mir-6069,0.3,0.7,hsa-miR-320,#N/A,
hsa-mir-5091,0.3,0.7,hsa-miR-320,#N/A,
hsa-mir-1-5p,0.3,0.7,hsa-miR-561,#N/A,
hsa-mir-876-5p,0.4,0.6,hsa-miR-615-3p,#N/A,
hsa-mir-190a-5p,0.4,0.6,hsa-miR-659,#N/A,
hsa-mir-761,0.4,0.6,hsa-miR-7,#N/A,
hsa-mir-214-3p,0.4,0.6,hsa-miR-92,#N/A,
hsa-mir-19a-3p,0.4,0.6,hsa-miR-92a,#N/A,
hsa-mir-152-3p,0.4,0.6,hsa-miR-93,#N/A,
hsa-mir-148a-3p,0.4,0.6,hsa-miR-96,#N/A,
hsa-mir-221-3p,0.4,0.6,hsa-miR-98,#N/A,
hsa-mir-222-3p,0.4,0.6,hsa-miR-196b,#N/A,
hsa-mir-4644,0.4,0.6,hsa-miR-708,#N/A,
hsa-mir-193b-3p,0.4,0.6,hsa-miR-29b-2,#N/A,
hsa-mir-193a-3p,0.4,0.6,hsa-miR-29c,#N/A,
hsa-mir-383-5p,0.4,0.6,hsa-miR-101,#N/A,
hsa-mir-371a-5p,0.4,0.6,hsa-miR-96,#N/A,
hsa-mir-29c-3p,0.4,0.6,hsa-miR-96,#N/A,
hsa-mir-27a-3p,0.4,0.6,hsa-miR-96,#N/A,
hsa-mir-200a-3p,0.4,0.6,hsa-miR-96,#N/A,
hsa-mir-320b,0.4,0.6,hsa-miR-96,#N/A,
hsa-mir-141-3p,0.4,0.6,hsa-miR-96,#N/A,
hsa-mir-142-3p,0.4,0.6,hsa-miR-96,#N/A,
hsa-mir-143-3p,0.4,0.6,hsa-miR-98,#N/A,
hsa-mir-448,0.4,0.6,hsa-miR-99a,#N/A,
hsa-mir-223-3p,0.4,0.6,hsa-miR-99a,#N/A,
hsa-mir-718,0.4,0.6,hsa-miR-99a,#N/A,
hsa-mir-519a-5p,0.4,0.6,hsa-miR-99a,#N/A,
hsa-mir-208a-5p,0.4,0.6,hsa-miR-99a,#N/A,
hsa-mir-1827,0.4,0.6,hsa-miR-99a,#N/A,
hsa-mir-3201,0.4,0.6,hsa-miR-99a,#N/A,
hsa-mir-3915,0.4,0.6,hsa-miR-99a,#N/A,
hsa-mir-1266-5p,0.4,0.6,hsa-miR-99a,#N/A,
hsa-mir-3171,0.4,0.6,hsa-miR-99a,#N/A,
hsa-mir-2110,0.4,0.6,hsa-miR-99a,#N/A,
hsa-mir-1908-5p,0.4,0.6,hsa-miR-99b,#N/A,
hsa-mir-4709-5p,0.4,0.6,hsa-miR-99b,#N/A,
hsa-mir-4454,0.4,0.6,hsa-miR-99b,#N/A,
hsa-mir-522-5p,0.4,0.6,hsa-miR-99b,#N/A,
hsa-mir-569,0.4,0.6,hsa-miR-130a,#N/A,
hsa-mir-624-5p,0.4,0.6,hsa-miR-130a,#N/A,
hsa-mir-603,0.4,0.6,hsa-miR-130a,#N/A,
hsa-mir-320e,0.4,0.6,hsa-miR-130a,#N/A,
hsa-mir-640,0.4,0.6,hsa-miR-130a,#N/A,
hsa-mir-376a-2-5p,0.4,0.6,hsa-let-7c,#N/A,
hsa-mir-558,0.4,0.6,hsa-miR-1,#N/A,
hsa-mir-3189-5p,0.4,0.6,hsa-miR-124a,#N/A,
hsa-mir-518f-5p,0.4,0.6,hsa-miR-139,#N/A,
hsa-mir-4443,0.4,0.6,hsa-miR-145,#N/A,
hsa-mir-518d-5p,0.4,0.6,hsa-miR-155,#N/A,
hsa-mir-585-5p,0.4,0.6,hsa-miR-16,#N/A,
hsa-mir-450b-5p,0.4,0.6,hsa-miR-181a-2,#N/A,
hsa-mir-1182,0.4,0.6,hsa-miR-181b,#N/A,
hsa-mir-4284,0.4,0.6,hsa-miR-181b,#N/A,
hsa-mir-875-5p,0.4,0.6,hsa-miR-181b,#N/A,
hsa-mir-3622b-5p,0.4,0.6,hsa-miR-181b,#N/A,
hsa-mir-3188,0.4,0.6,hsa-miR-181b,#N/A,
hsa-mir-4463,0.4,0.6,hsa-miR-181b,#N/A,
hsa-mir-921,0.4,0.6,hsa-miR-181b,#N/A,
hsa-mir-4478,0.4,0.6,hsa-miR-181b,#N/A,
hsa-mir-4258,0.4,0.6,hsa-miR-181b-1,#N/A,
hsa-mir-3157-5p,0.4,0.6,hsa-miR-181b-1,#N/A,
hsa-mir-649,0.4,0.6,hsa-miR-183,#N/A,
hsa-mir-199a-3p,0.4,0.6,hsa-miR-183,hsa-miR-199a-3p,
hsa-mir-34b-3p,0.4,0.6,hsa-miR-183,#N/A,
hsa-mir-624-3p,0.4,0.6,hsa-miR-184,#N/A,
hsa-mir-9-3p,0.4,0.6,hsa-miR-196a,#N/A,
hsa-mir-873-5p,0.5,0.5,hsa-miR-196a-2,#N/A,
hsa-mir-23b-3p,0.5,0.5,hsa-miR-196b,#N/A,
hsa-mir-23c,0.5,0.5,hsa-miR-196b,#N/A,
hsa-mir-338-3p,0.5,0.5,hsa-miR-197,#N/A,
hsa-mir-22-3p,0.5,0.5,hsa-miR-197,#N/A,
hsa-mir-542-3p,0.5,0.5,hsa-miR-197,hsa-miR-542-3p,
hsa-mir-758-3p,0.5,0.5,hsa-miR-197,#N/A,
hsa-mir-496,0.5,0.5,hsa-miR-197,#N/A,
hsa-mir-130a-3p,0.5,0.5,hsa-miR-197,#N/A,
hsa-mir-3619-5p,0.5,0.5,hsa-miR-381,#N/A,
hsa-mir-329-3p,0.5,0.5,hsa-miR-381,#N/A,
hsa-mir-376a-3p,0.5,0.5,hsa-miR-381,#N/A,
hsa-mir-362-3p,0.5,0.5,hsa-miR-381,#N/A,
hsa-mir-26a-5p,0.5,0.5,hsa-miR-381,#N/A,
hsa-mir-377-3p,0.5,0.5,hsa-miR-381,#N/A,
hsa-mir-4465,0.5,0.5,hsa-miR-381,#N/A,
hsa-mir-4262,0.5,0.5,hsa-miR-381,#N/A,
hsa-mir-101-3p,0.5,0.5,hsa-miR-381,#N/A,
hsa-mir-197-3p,0.5,0.5,hsa-miR-382,#N/A,
hsa-mir-124-3p,0.5,0.5,hsa-miR-29b,#N/A,
hsa-mir-27b-3p,0.5,0.5,hsa-miR-29b,#N/A,
hsa-mir-506-3p,0.5,0.5,hsa-miR-29b,#N/A,
hsa-mir-200b-3p,0.5,0.5,hsa-miR-29b,#N/A,
hsa-mir-200c-3p,0.5,0.5,hsa-miR-29b,#N/A,
hsa-mir-320d,0.5,0.5,hsa-miR-29b,#N/A,
hsa-mir-494-3p,0.5,0.5,hsa-miR-29b,#N/A,
hsa-mir-144-3p,0.5,0.5,hsa-miR-29b,#N/A,
hsa-mir-4429,0.5,0.5,hsa-miR-29b,#N/A,
hsa-mir-4770,0.5,0.5,hsa-miR-29b,#N/A,
hsa-mir-488-3p,0.5,0.5,hsa-miR-29b,#N/A,
hsa-mir-410-3p,0.5,0.5,hsa-miR-29b,#N/A,
hsa-mir-296-3p,0.5,0.5,hsa-miR-29b,#N/A,
hsa-mir-518b,0.5,0.5,hsa-miR-29b,hsa-miR-518b,
hsa-mir-632,0.5,0.5,hsa-miR-29b,#N/A,
hsa-mir-4732-5p,0.5,0.5,hsa-miR-29b-1,#N/A,
hsa-mir-432-5p,0.5,0.5,hsa-miR-29b-2,#N/A,
hsa-mir-1237-5p,0.5,0.5,hsa-miR-29b-2,#N/A,
hsa-mir-548q,0.5,0.5,hsa-miR-29b-2,#N/A,
hsa-mir-586,0.5,0.5,hsa-miR-29b-2,#N/A,
hsa-mir-1183,0.5,0.5,hsa-miR-29b-2,#N/A,
hsa-mir-4534,0.5,0.5,hsa-miR-29b-2,#N/A,
hsa-mir-4634,0.5,0.5,hsa-miR-29c,#N/A,
hsa-mir-489-5p,0.5,0.5,hsa-miR-204,#N/A,
hsa-mir-380-5p,0.5,0.5,hsa-miR-205,#N/A,
hsa-mir-892a,0.5,0.5,hsa-miR-205,#N/A,
hsa-mir-892b,0.5,0.5,hsa-miR-205,#N/A,
hsa-mir-1229-5p,0.5,0.5,hsa-miR-205,#N/A,
hsa-mir-5187-5p,0.5,0.5,hsa-miR-205,#N/A,
hsa-mir-5584-5p,0.5,0.5,hsa-miR-205,#N/A,
hsa-mir-657,0.5,0.5,hsa-miR-205,hsa-miR-657,
hsa-mir-648,0.5,0.5,hsa-miR-205,#N/A,
hsa-mir-4649-5p,0.5,0.5,hsa-miR-205,#N/A,
hsa-mir-6780b-5p,0.5,0.5,hsa-miR-206,#N/A,
hsa-mir-641,0.5,0.5,hsa-miR-155,#N/A,
hsa-mir-3649,0.5,0.5,hsa-miR-15a,#N/A,
hsa-mir-1206,0.5,0.5,hsa-miR-15a,#N/A,
hsa-mir-4293,0.5,0.5,hsa-miR-15a,#N/A,
hsa-mir-548an,0.5,0.5,hsa-miR-15a,#N/A,
hsa-mir-3178,0.5,0.5,hsa-miR-15a,#N/A,
hsa-mir-1234-3p,0.5,0.5,hsa-miR-15a,#N/A,
hsa-mir-1204,0.5,0.5,hsa-miR-15a,#N/A,
hsa-mir-4687-5p,0.5,0.5,hsa-miR-15a,#N/A,
hsa-mir-4787-5p,0.5,0.5,hsa-miR-15a,#N/A,
hsa-mir-1292-5p,0.5,0.5,hsa-miR-15a,#N/A,
hsa-mir-644a,0.5,0.5,hsa-miR-99a,#N/A,
hsa-mir-4521,0.5,0.5,hsa-miR-199a,#N/A,
hsa-mir-3148,0.5,0.5,hsa-miR-199a,#N/A,
hsa-mir-1248,0.5,0.5,hsa-miR-199a,#N/A,
hsa-mir-656-5p,0.5,0.5,hsa-miR-199a,#N/A,
hsa-mir-620,0.5,0.5,hsa-miR-199a,#N/A,
hsa-mir-1324,0.5,0.5,hsa-miR-199a,#N/A,
hsa-mir-1178-5p,0.5,0.5,hsa-miR-199a,#N/A,
hsa-mir-4480,0.5,0.5,hsa-miR-199a,#N/A,
hsa-mir-3941,0.5,0.5,hsa-miR-199a,#N/A,
hsa-mir-6086,0.5,0.5,hsa-miR-199a,#N/A,
hsa-mir-1261,0.5,0.5,hsa-miR-199a,#N/A,
hsa-mir-4650-5p,0.5,0.5,hsa-miR-199a*,#N/A,
hsa-mir-643,0.5,0.5,hsa-miR-199a*,#N/A,
hsa-mir-1914-5p,0.5,0.5,hsa-miR-199a*,#N/A,
hsa-mir-550b-2-5p,0.5,0.5,hsa-miR-199a*,#N/A,
hsa-mir-4501,0.5,0.5,hsa-miR-199a*,#N/A,
hsa-mir-3976,0.5,0.5,hsa-miR-199a*,#N/A,
hsa-mir-517b-3p,0.5,0.5,hsa-miR-199a*,#N/A,
hsa-mir-4298,0.5,0.5,hsa-miR-199a*,#N/A,
hsa-mir-7107-5p,0.5,0.5,hsa-miR-199a*,#N/A,
hsa-mir-7847-3p,0.5,0.5,hsa-miR-199a*,#N/A,
hsa-mir-133a-3p,0.5,0.5,hsa-miR-199a*,#N/A,
hsa-mir-203a-3p,0.5,0.5,hsa-miR-199a-1,#N/A,
hsa-mir-483-3p,0.5,0.5,hsa-miR-199a-1,#N/A,
hsa-mir-127-3p,0.5,0.5,hsa-miR-133a,#N/A,
hsa-mir-34a-3p,0.5,0.5,hsa-miR-223,#N/A,
hsa-mir-409-3p,0.5,0.5,hsa-miR-189,#N/A,
hsa-mir-487b-3p,0.5,0.5,hsa-miR-18a,#N/A,
hsa-mir-489-3p,0.5,0.5,hsa-miR-18a,#N/A,
hsa-mir-23a-3p,0.6,0.4,hsa-miR-18a,#N/A,
hsa-mir-125a-3p,0.6,0.4,hsa-miR-18b,#N/A,
hsa-mir-3167,0.6,0.4,hsa-miR-190,#N/A,
hsa-mir-376c-3p,0.6,0.4,hsa-miR-190,#N/A,
hsa-mir-544a,0.6,0.4,hsa-miR-190,#N/A,
hsa-mir-4735-3p,0.6,0.4,hsa-miR-191,#N/A,
hsa-mir-505-3p,0.6,0.4,hsa-miR-191,#N/A,
hsa-mir-519d-3p,0.6,0.4,hsa-miR-191,#N/A,
hsa-mir-130b-3p,0.6,0.4,hsa-miR-191,#N/A,
hsa-mir-219a-5p,0.6,0.4,hsa-miR-191,#N/A,
hsa-mir-376b-3p,0.6,0.4,hsa-miR-191,#N/A,
hsa-mir-3529-5p,0.6,0.4,hsa-miR-191,#N/A,
hsa-mir-590-3p,0.6,0.4,hsa-miR-191,#N/A,
hsa-mir-4306,0.6,0.4,hsa-miR-191,#N/A,
hsa-mir-212-3p,0.6,0.4,hsa-miR-191,#N/A,
hsa-mir-25-3p,0.6,0.4,hsa-miR-191,#N/A,
hsa-mir-146b-5p,0.6,0.4,hsa-miR-191,#N/A,
hsa-mir-653-5p,0.6,0.4,hsa-miR-192,#N/A,
hsa-mir-328-3p,0.6,0.4,hsa-miR-192,#N/A,
hsa-mir-370-3p,0.6,0.4,hsa-let-7a,#N/A,
hsa-mir-4725-5p,0.6,0.4,hsa-let-7a,#N/A,
hsa-mir-4319,0.6,0.4,hsa-let-7a-1,#N/A,
hsa-mir-378f,0.6,0.4,hsa-let-7a-1,#N/A,
hsa-mir-378c,0.6,0.4,hsa-let-7a-1,#N/A,
hsa-mir-3139,0.6,0.4,hsa-let-7a-1,#N/A,
hsa-mir-378a-3p,0.6,0.4,hsa-let-7a-2,#N/A,
hsa-mir-378h,0.6,0.4,hsa-let-7a-2,#N/A,
hsa-mir-615-3p,0.6,0.4,hsa-let-7a-2,hsa-miR-615-3p,
hsa-mir-433-3p,0.6,0.4,hsa-let-7a-3,#N/A,
hsa-mir-381-3p,0.6,0.4,hsa-let-7a-3,#N/A,
hsa-mir-520a-3p,0.6,0.4,hsa-let-7a-3,#N/A,
hsa-mir-520c-3p,0.6,0.4,hsa-let-7a-3,#N/A,
hsa-mir-372-3p,0.6,0.4,hsa-let-7a-3,#N/A,
hsa-mir-126-3p,0.6,0.4,hsa-let-7a-3,#N/A,
hsa-mir-299-3p,0.6,0.4,hsa-let-7b,#N/A,
hsa-mir-611,0.6,0.4,hsa-let-7b,hsa-miR-611,
hsa-mir-6088,0.6,0.4,hsa-let-7b,#N/A,
hsa-mir-941,0.6,0.4,hsa-let-7b,#N/A,
hsa-mir-451b,0.6,0.4,hsa-let-7b,#N/A,
hsa-mir-3686,0.6,0.4,hsa-let-7b,#N/A,
hsa-mir-4268,0.6,0.4,hsa-let-7b,#N/A,
hsa-mir-1244,0.6,0.4,hsa-let-7b,#N/A,
hsa-mir-664a-5p,0.6,0.4,hsa-miR-223,#N/A,
hsa-mir-6875-5p,0.6,0.4,hsa-miR-223,#N/A,
hsa-mir-556-5p,0.6,0.4,hsa-miR-223,#N/A,
hsa-mir-8084,0.6,0.4,hsa-miR-223,#N/A,
hsa-mir-3135b,0.6,0.4,hsa-miR-224,#N/A,
hsa-mir-4742-5p,0.6,0.4,hsa-miR-224,#N/A,
hsa-mir-4756-5p,0.6,0.4,hsa-miR-224,#N/A,
hsa-mir-4765,0.6,0.4,hsa-miR-224,#N/A,
hsa-mir-6724-5p,0.6,0.4,hsa-miR-224,#N/A,
hsa-mir-600,0.6,0.4,hsa-miR-224,hsa-miR-600,
hsa-mir-658,0.6,0.4,hsa-miR-224,hsa-miR-658,
hsa-mir-614,0.6,0.4,hsa-miR-224,#N/A,
hsa-mir-4449,0.6,0.4,hsa-miR-224,#N/A,
hsa-mir-1843,0.6,0.4,hsa-miR-23a,#N/A,
hsa-mir-520g-5p,0.6,0.4,hsa-miR-23a,#N/A,
hsa-mir-4508,0.6,0.4,hsa-miR-23a,#N/A,
hsa-mir-5586-5p,0.6,0.4,hsa-miR-23a,#N/A,
hsa-mir-6826-5p,0.6,0.4,hsa-miR-23a,#N/A,
hsa-mir-1227-5p,0.6,0.4,hsa-miR-23a,#N/A,
hsa-mir-1286,0.6,0.4,hsa-miR-23a,#N/A,
hsa-mir-1269b,0.6,0.4,hsa-miR-23a,#N/A,
hsa-mir-1302,0.6,0.4,hsa-miR-23a,#N/A,
hsa-mir-937-5p,0.6,0.4,hsa-miR-34a,#N/A,
hsa-mir-610,0.6,0.4,hsa-miR-34a,#N/A,
hsa-mir-323b-5p,0.6,0.4,hsa-miR-34a,#N/A,
hsa-mir-4758-5p,0.6,0.4,hsa-miR-34a,#N/A,
hsa-mir-1238-5p,0.6,0.4,hsa-miR-34a,#N/A,
hsa-mir-4697-5p,0.6,0.4,hsa-miR-34a,#N/A,
hsa-mir-1284,0.6,0.4,hsa-miR-34a,#N/A,
hsa-mir-6853-5p,0.6,0.4,hsa-miR-34a,#N/A,
hsa-mir-4455,0.6,0.4,hsa-miR-34a,#N/A,
hsa-mir-1976,0.6,0.4,hsa-miR-34a,#N/A,
hsa-mir-591,0.6,0.4,hsa-miR-34a,#N/A,
hsa-mir-3928-5p,0.6,0.4,hsa-miR-34a,#N/A,
hsa-mir-935,0.6,0.4,hsa-miR-34a,#N/A,
hsa-mir-4701-5p,0.6,0.4,hsa-miR-34a,#N/A,
hsa-mir-1298-5p,0.6,0.4,hsa-miR-34a,#N/A,
hsa-mir-3908,0.6,0.4,hsa-miR-34a,#N/A,
hsa-mir-450a-5p,0.6,0.4,hsa-miR-34b,#N/A,
hsa-mir-619-5p,0.6,0.4,hsa-miR-34b,#N/A,
hsa-mir-4324,0.6,0.4,hsa-miR-34b,#N/A,
hsa-mir-3924,0.6,0.4,hsa-miR-34b,#N/A,
hsa-mir-548e-5p,0.6,0.4,hsa-miR-34b,#N/A,
hsa-mir-3185,0.6,0.4,hsa-miR-34b,#N/A,
hsa-mir-5000-5p,0.6,0.4,hsa-miR-34c,#N/A,
hsa-mir-3065-5p,0.6,0.4,hsa-miR-34c,#N/A,
hsa-mir-3198,0.6,0.4,hsa-miR-145,#N/A,
hsa-mir-7515,0.6,0.4,hsa-miR-145,#N/A,
hsa-mir-3610,0.6,0.4,hsa-miR-145,#N/A,
hsa-mir-1276,0.6,0.4,hsa-miR-145,#N/A,
hsa-mir-670-5p,0.6,0.4,hsa-miR-145,#N/A,
hsa-mir-1252-5p,0.6,0.4,hsa-miR-145,#N/A,
hsa-mir-3146,0.6,0.4,hsa-miR-145,#N/A,
hsa-mir-30a-3p,0.6,0.4,hsa-miR-145,hsa-miR-30a-3p,
hsa-mir-17-3p,0.6,0.4,hsa-miR-145,#N/A,
hsa-mir-519a-3p,0.6,0.4,hsa-miR-145,#N/A,
hsa-mir-655-3p,0.6,0.4,hsa-miR-145,#N/A,
hsa-mir-155-3p,0.6,0.4,hsa-miR-145,#N/A,
hsa-mir-455-3p,0.6,0.4,hsa-miR-145,#N/A,
hsa-mir-541-3p,0.6,0.4,hsa-miR-145,#N/A,
hsa-mir-21-3p,0.6,0.4,hsa-miR-145,#N/A,
hsa-mir-195-3p,0.6,0.4,hsa-miR-146a,#N/A,
hsa-mir-4295,0.7,0.3,hsa-miR-146a,#N/A,
hsa-mir-301a-3p,0.7,0.3,hsa-miR-146a,#N/A,
hsa-mir-4782-3p,0.7,0.3,hsa-miR-146a,#N/A,
hsa-mir-92b-3p,0.7,0.3,hsa-miR-146a,#N/A,
hsa-mir-367-3p,0.7,0.3,hsa-miR-146a,#N/A,
hsa-mir-363-3p,0.7,0.3,hsa-miR-146a,#N/A,
hsa-mir-342-3p,0.7,0.3,hsa-miR-221,#N/A,
hsa-mir-3118,0.7,0.3,hsa-miR-221,#N/A,
hsa-mir-4500,0.7,0.3,hsa-miR-221,#N/A,
hsa-mir-187-3p,0.7,0.3,hsa-miR-221,#N/A,
hsa-mir-128-3p,0.7,0.3,hsa-miR-221,#N/A,
hsa-mir-4458,0.7,0.3,hsa-miR-221,#N/A,
hsa-mir-874-3p,0.7,0.3,hsa-miR-221,#N/A,
hsa-mir-202-3p,0.7,0.3,hsa-miR-221,#N/A,
hsa-mir-422a,0.7,0.3,hsa-miR-221,hsa-miR-422a,
hsa-mir-320c,0.7,0.3,hsa-miR-221,#N/A,
hsa-mir-378d,0.7,0.3,hsa-miR-221,#N/A,
hsa-mir-378e,0.7,0.3,hsa-miR-221,#N/A,
hsa-mir-365a-3p,0.7,0.3,hsa-miR-221,#N/A,
hsa-mir-520d-3p,0.7,0.3,hsa-miR-221,#N/A,
hsa-mir-373-3p,0.7,0.3,hsa-miR-221,#N/A,
hsa-mir-302d-3p,0.7,0.3,hsa-miR-221,#N/A,
hsa-mir-302a-3p,0.7,0.3,hsa-miR-222,#N/A,
hsa-mir-302c-3p,0.7,0.3,hsa-miR-222,#N/A,
hsa-mir-302b-3p,0.7,0.3,hsa-miR-222,#N/A,
hsa-mir-208a-3p,0.7,0.3,hsa-miR-222,#N/A,
hsa-mir-208b-3p,0.7,0.3,hsa-miR-222,#N/A,
hsa-mir-509-3-5p,0.7,0.3,hsa-miR-222,#N/A,
hsa-mir-593-5p,0.7,0.3,hsa-miR-222,#N/A,
hsa-mir-767-5p,0.7,0.3,hsa-miR-222,#N/A,
hsa-mir-4505,0.7,0.3,hsa-miR-132,#N/A,
hsa-mir-5100,0.7,0.3,hsa-miR-20a,#N/A,
hsa-mir-208b-5p,0.7,0.3,hsa-miR-216,#N/A,
hsa-mir-3162-5p,0.7,0.3,hsa-miR-518b,#N/A,
hsa-mir-3611,0.7,0.3,hsa-miR-99b,#N/A,
hsa-mir-4290,0.7,0.3,hsa-miR-181b-1,#N/A,
hsa-mir-943,0.7,0.3,hsa-miR-199a-1,#N/A,
hsa-mir-3620-5p,0.7,0.3,hsa-miR-29c,#N/A,
hsa-mir-4721,0.7,0.3,hsa-miR-106a,#N/A,
hsa-mir-4739,0.7,0.3,hsa-miR-106a,#N/A,
hsa-mir-6836-5p,0.7,0.3,hsa-miR-106a,#N/A,
hsa-mir-3149,0.7,0.3,hsa-miR-106a,#N/A,
hsa-mir-579-5p,0.7,0.3,hsa-miR-106a,#N/A,
hsa-mir-3925-5p,0.7,0.3,hsa-miR-106a,#N/A,
hsa-mir-3926,0.7,0.3,hsa-miR-106a-1,#N/A,
hsa-mir-4448,0.7,0.3,hsa-miR-124a,#N/A,
hsa-mir-642b-5p,0.7,0.3,hsa-miR-124a,#N/A,
hsa-mir-6838-5p,0.7,0.3,hsa-miR-124a,#N/A,
hsa-mir-1260a,0.7,0.3,hsa-miR-124a,#N/A,
hsa-mir-4531,0.7,0.3,hsa-miR-124a-1,#N/A,
hsa-mir-1343-5p,0.7,0.3,hsa-miR-124a-2,#N/A,
hsa-mir-4695-5p,0.7,0.3,hsa-miR-124a-2,#N/A,
hsa-mir-1249-5p,0.7,0.3,hsa-miR-124a-3,#N/A,
hsa-mir-3667-5p,0.7,0.3,hsa-miR-124a-3,#N/A,
hsa-mir-651-5p,0.7,0.3,hsa-miR-21,#N/A,
hsa-mir-519a-2-5p,0.7,0.3,hsa-miR-21,#N/A,
hsa-mir-499b-5p,0.7,0.3,hsa-miR-21,#N/A,
hsa-mir-2278,0.7,0.3,hsa-miR-21,#N/A,
hsa-mir-548ac,0.7,0.3,hsa-miR-21,#N/A,
hsa-mir-548a-3p,0.7,0.3,hsa-miR-29c,#N/A,
hsa-mir-541-5p,0.7,0.3,hsa-miR-29c,#N/A,
hsa-mir-515-5p,0.7,0.3,hsa-miR-29c,#N/A,
hsa-mir-1321,0.7,0.3,hsa-miR-29c,#N/A,
hsa-mir-1264,0.7,0.3,hsa-miR-29c,#N/A,
hsa-mir-4496,0.7,0.3,hsa-miR-29c,#N/A,
hsa-mir-635,0.7,0.3,hsa-miR-29c,#N/A,
hsa-mir-676-5p,0.7,0.3,hsa-miR-29c,#N/A,
hsa-mir-762,0.7,0.3,hsa-miR-29c,#N/A,
hsa-mir-2113,0.7,0.3,hsa-miR-29c,#N/A,
hsa-mir-5699-5p,0.7,0.3,hsa-miR-29c,#N/A,
hsa-mir-1972,0.7,0.3,hsa-miR-301,#N/A,
hsa-mir-6873-5p,0.7,0.3,hsa-miR-301,#N/A,
hsa-mir-1293,0.7,0.3,hsa-miR-301,#N/A,
hsa-mir-550a-3-5p,0.7,0.3,hsa-miR-302a,#N/A,
hsa-mir-548d-5p,0.7,0.3,hsa-miR-302b,#N/A,
hsa-mir-4717-5p,0.7,0.3,hsa-miR-20a,#N/A,
hsa-mir-526a-5p,0.7,0.3,hsa-miR-20a,#N/A,
hsa-mir-3130-5p,0.7,0.3,hsa-miR-20a,#N/A,
hsa-mir-548b-5p,0.7,0.3,hsa-miR-20a,#N/A,
hsa-mir-6068,0.7,0.3,hsa-miR-20a,#N/A,
hsa-mir-4271,0.7,0.3,hsa-miR-20a,#N/A,
hsa-mir-6734-5p,0.7,0.3,hsa-miR-20b,#N/A,
hsa-mir-588,0.7,0.3,hsa-miR-20b,#N/A,
hsa-mir-4317,0.7,0.3,hsa-miR-21,#N/A,
hsa-mir-3909,0.7,0.3,hsa-miR-21,#N/A,
hsa-mir-4497,0.7,0.3,hsa-miR-21,#N/A,
hsa-mir-487a-5p,0.7,0.3,hsa-miR-21,#N/A,
hsa-mir-6852-5p,0.7,0.3,hsa-miR-21,#N/A,
hsa-mir-6089,0.7,0.3,hsa-miR-21,#N/A,
hsa-mir-4490,0.7,0.3,hsa-miR-21,#N/A,
hsa-mir-7152-5p,0.7,0.3,hsa-miR-21,#N/A,
hsa-mir-891a-5p,0.7,0.3,hsa-miR-21,#N/A,
hsa-mir-555,0.7,0.3,hsa-miR-21,#N/A,
hsa-mir-3940-5p,0.7,0.3,hsa-miR-21,#N/A,
hsa-mir-3156-5p,0.7,0.3,hsa-miR-21,#N/A,
hsa-mir-4488,0.7,0.3,hsa-miR-21,#N/A,
hsa-mir-6721-5p,0.7,0.3,hsa-miR-21,#N/A,
hsa-mir-3945,0.7,0.3,hsa-miR-21,#N/A,
hsa-mir-4672,0.7,0.3,hsa-miR-21,#N/A,
hsa-mir-4648,0.7,0.3,hsa-miR-216,#N/A,
hsa-mir-4664-5p,0.7,0.3,hsa-miR-216,#N/A,
hsa-mir-516b-5p,0.7,0.3,hsa-miR-217,#N/A,
hsa-mir-4469,0.7,0.3,hsa-miR-217,#N/A,
hsa-mir-4510,0.7,0.3,hsa-miR-217,#N/A,
hsa-mir-3916,0.7,0.3,hsa-miR-218,#N/A,
hsa-mir-4274,0.7,0.3,hsa-miR-218,#N/A,
hsa-mir-4784,0.7,0.3,hsa-miR-218-2,#N/A,
hsa-mir-4795-5p,0.7,0.3,hsa-miR-219,#N/A,
hsa-mir-6508-5p,0.7,0.3,hsa-miR-219-1,#N/A,
hsa-mir-7161-5p,0.7,0.3,hsa-miR-219-1,#N/A,
hsa-mir-485-3p,0.7,0.3,hsa-miR-219-1,#N/A,
hsa-mir-330-3p,0.7,0.3,hsa-miR-219-1,#N/A,
hsa-mir-331-3p,0.7,0.3,hsa-miR-22,#N/A,
hsa-mir-34c-3p,0.7,0.3,hsa-miR-22,#N/A,
hsa-mir-454-3p,0.8,0.2,hsa-miR-22,#N/A,
hsa-mir-3666,0.8,0.2,hsa-miR-22,#N/A,
hsa-mir-210-3p,0.8,0.2,hsa-miR-22,#N/A,
hsa-mir-384,0.8,0.2,hsa-miR-124a,#N/A,
hsa-mir-490-3p,0.8,0.2,hsa-miR-16,#N/A,
hsa-mir-378i,0.8,0.2,hsa-miR-16,#N/A,
hsa-mir-378b,0.8,0.2,hsa-miR-16,#N/A,
hsa-mir-495-3p,0.8,0.2,hsa-miR-16,#N/A,
hsa-mir-599,0.8,0.2,hsa-miR-16-1,#N/A,
hsa-mir-518e-5p,0.8,0.2,hsa-miR-199a-1,#N/A,
hsa-mir-519b-5p,0.8,0.2,hsa-miR-199a-1,#N/A,
hsa-mir-2392,0.8,0.2,hsa-miR-199a-1,#N/A,
hsa-mir-4279,0.8,0.2,hsa-miR-199a-1-5p,#N/A,
hsa-mir-1225-5p,0.8,0.2,hsa-miR-199a-2,#N/A,
hsa-mir-4476,0.8,0.2,hsa-miR-199a-2,#N/A,
hsa-mir-4530,0.8,0.2,hsa-miR-199a-2,#N/A,
hsa-mir-6075,0.8,0.2,hsa-miR-199a-2-5p,#N/A,
hsa-mir-6799-5p,0.8,0.2,hsa-miR-199a-3p,#N/A,
hsa-mir-3662,0.8,0.2,hsa-miR-199b,#N/A,
hsa-mir-4487,0.8,0.2,hsa-miR-199b,#N/A,
hsa-mir-1299,0.8,0.2,hsa-miR-199b,#N/A,
hsa-mir-4764-5p,0.8,0.2,hsa-miR-199b,#N/A,
hsa-mir-3663-5p,0.8,0.2,hsa-miR-199b,#N/A,
hsa-mir-4726-5p,0.8,0.2,hsa-miR-199b,#N/A,
hsa-mir-7109-5p,0.8,0.2,hsa-miR-199b,#N/A,
hsa-mir-3074-5p,0.8,0.2,hsa-miR-199b,#N/A,
hsa-mir-6831-5p,0.8,0.2,hsa-miR-199b,#N/A,
hsa-mir-922,0.8,0.2,hsa-miR-199b,#N/A,
hsa-mir-5010-5p,0.8,0.2,hsa-miR-199b,#N/A,
hsa-mir-567,0.8,0.2,hsa-miR-199b,#N/A,
hsa-mir-7705,0.8,0.2,hsa-miR-199b,#N/A,
hsa-mir-519e-5p,0.8,0.2,hsa-miR-199b,#N/A,
hsa-mir-5582-5p,0.8,0.2,hsa-miR-519a,#N/A,
hsa-mir-1269a,0.8,0.2,hsa-miR-519d,#N/A,
hsa-mir-3161,0.8,0.2,hsa-miR-520c,#N/A,
hsa-mir-3127-5p,0.8,0.2,hsa-miR-524*,#N/A,
hsa-mir-1226-5p,0.8,0.2,hsa-miR-524*,#N/A,
hsa-mir-5193,0.8,0.2,hsa-miR-525*,#N/A,
hsa-mir-4446-5p,0.8,0.2,hsa-miR-539,#N/A,
hsa-mir-3658,0.8,0.2,hsa-miR-542-3p,#N/A,
hsa-mir-4753-5p,0.8,0.2,hsa-miR-542-3p,#N/A,
hsa-mir-548p,0.8,0.2,hsa-miR-542-5p,#N/A,
hsa-mir-548f-5p,0.8,0.2,hsa-miR-550,#N/A,
hsa-mir-466,0.8,0.2,hsa-miR-551a,#N/A,
hsa-mir-3614-5p,0.8,0.2,hsa-miR-563,#N/A,
hsa-mir-507,0.8,0.2,hsa-miR-565,#N/A,
hsa-mir-770-5p,0.8,0.2,hsa-miR-572,#N/A,
hsa-mir-5003-5p,0.8,0.2,hsa-miR-572,#N/A,
hsa-mir-4782-5p,0.8,0.2,hsa-miR-582,#N/A,
hsa-mir-4467,0.8,0.2,hsa-miR-594,#N/A,
hsa-mir-4270,0.8,0.2,hsa-miR-594,#N/A,
hsa-mir-4778-5p,0.8,0.2,hsa-miR-598,#N/A,
hsa-mir-6133,0.8,0.2,hsa-miR-605,#N/A,
hsa-mir-3200-5p,0.8,0.2,hsa-miR-608,#N/A,
hsa-mir-5590-5p,0.8,0.2,hsa-miR-611,#N/A,
hsa-mir-933,0.8,0.2,hsa-miR-622,#N/A,
hsa-mir-203b-5p,0.8,0.2,hsa-miR-627,#N/A,
hsa-mir-934,0.8,0.2,hsa-miR-99b,#N/A,
hsa-mir-564,0.8,0.2,hsa-miR-99b,#N/A,
hsa-mir-527,0.8,0.2,hsa-miR-99b,#N/A,
hsa-mir-1277-5p,0.8,0.2,hsa-miR-106b,#N/A,
hsa-mir-5009-5p,0.8,0.2,hsa-miR-106b,#N/A,
hsa-mir-517-5p,0.8,0.2,hsa-miR-106b,#N/A,
hsa-mir-3195,0.8,0.2,hsa-miR-106b,#N/A,
hsa-mir-4793-5p,0.8,0.2,hsa-miR-106b,#N/A,
hsa-mir-1909-5p,0.8,0.2,hsa-miR-106b-1,#N/A,
hsa-mir-3120-5p,0.8,0.2,hsa-miR-107,#N/A,
hsa-mir-3677-5p,0.8,0.2,hsa-miR-107,#N/A,
hsa-mir-3682-5p,0.8,0.2,hsa-miR-107,#N/A,
hsa-mir-3689d,0.8,0.2,hsa-miR-107,#N/A,
hsa-mir-4518,0.8,0.2,hsa-miR-107,#N/A,
hsa-mir-5189-5p,0.8,0.2,hsa-miR-107,#N/A,
hsa-mir-1184,0.8,0.2,hsa-miR-107,#N/A,
hsa-mir-3170,0.8,0.2,hsa-miR-107,#N/A,
hsa-mir-4511,0.8,0.2,hsa-miR-107,#N/A,
hsa-mir-374c-5p,0.8,0.2,hsa-miR-107,#N/A,
hsa-mir-149-3p,0.8,0.2,hsa-miR-107,#N/A,
hsa-mir-150-3p,0.8,0.2,hsa-miR-107,#N/A,
hsa-mir-574-3p,0.8,0.2,hsa-miR-10a,#N/A,
hsa-mir-140-3p,0.8,0.2,hsa-miR-10a,#N/A,
hsa-mir-302e,0.9,0.1,hsa-miR-181b-1,#N/A,
hsa-mir-1471,0.9,0.1,hsa-miR-181b-2,#N/A,
hsa-mir-581,0.9,0.1,hsa-miR-181c,#N/A,
hsa-mir-3646,0.9,0.1,hsa-miR-181c,#N/A,
hsa-mir-626,0.9,0.1,hsa-miR-181c,#N/A,
hsa-mir-1538,0.9,0.1,hsa-miR-181c,#N/A,
hsa-mir-4294,0.9,0.1,hsa-miR-181c,#N/A,
hsa-mir-6880-5p,0.9,0.1,hsa-miR-181c,#N/A,
hsa-mir-500b-5p,0.9,0.1,hsa-miR-181c,#N/A,
hsa-mir-3151-5p,0.9,0.1,hsa-miR-181c,#N/A,
hsa-mir-4772-5p,0.9,0.1,hsa-miR-181d,#N/A,
hsa-mir-4666a-5p,0.9,0.1,hsa-miR-181d,#N/A,
hsa-mir-371b-5p,0.9,0.1,hsa-miR-181d,#N/A,
hsa-mir-563,0.9,0.1,hsa-miR-181d,hsa-miR-563,
hsa-mir-1185-1-3p,0.9,0.1,hsa-miR-182,#N/A,
hsa-mir-1255a,0.9,0.1,hsa-miR-182,#N/A,
hsa-mir-1273c,0.9,0.1,hsa-miR-182,#N/A,
hsa-mir-4513,0.9,0.1,hsa-miR-182,#N/A,
hsa-mir-2682-5p,0.9,0.1,hsa-miR-182*,#N/A,
hsa-mir-3622a-5p,0.9,0.1,hsa-miR-182*,#N/A,
hsa-mir-1203,0.9,0.1,hsa-miR-183,#N/A,
hsa-mir-6720-5p,0.9,0.1,hsa-miR-183,#N/A,
hsa-mir-4282,0.9,0.1,hsa-miR-183,#N/A,
hsa-mir-617,0.9,0.1,hsa-miR-23a,#N/A,
hsa-mir-4423-5p,0.9,0.1,hsa-miR-23a,#N/A,
hsa-mir-4661-5p,0.9,0.1,hsa-miR-23a,#N/A,
hsa-mir-1270,0.9,0.1,hsa-miR-23a,#N/A,
hsa-mir-3176,0.9,0.1,hsa-miR-23b,#N/A,
hsa-mir-3654,0.9,0.1,hsa-miR-23b,#N/A,
hsa-mir-1295a,0.9,0.1,hsa-miR-23b,#N/A,
hsa-mir-4775,0.9,0.1,hsa-miR-23b,#N/A,
hsa-mir-4447,0.9,0.1,hsa-miR-23b,#N/A,
hsa-mir-548am-5p,0.9,0.1,hsa-miR-23b,#N/A,
hsa-mir-548i,0.9,0.1,hsa-miR-23b,#N/A,
hsa-mir-1910-5p,0.9,0.1,hsa-miR-23b,#N/A,
hsa-mir-514b-5p,0.9,0.1,hsa-miR-23b,#N/A,
hsa-mir-6798-5p,0.9,0.1,hsa-miR-23b,#N/A,
hsa-mir-1253,0.9,0.1,hsa-miR-23b,#N/A,
hsa-mir-1245a,0.9,0.1,hsa-miR-23b,#N/A,
hsa-mir-544b,0.9,0.1,hsa-miR-23b,#N/A,
hsa-mir-9500,0.9,0.1,hsa-miR-23b,#N/A,
hsa-mir-1283,0.9,0.1,hsa-miR-24,#N/A,
hsa-mir-587,0.9,0.1,hsa-miR-24,#N/A,
hsa-mir-631,0.9,0.1,hsa-miR-24,#N/A,
hsa-mir-4736,0.9,0.1,hsa-miR-24,#N/A,
hsa-mir-664b-5p,0.9,0.1,hsa-miR-24,#N/A,
hsa-mir-1304-5p,0.9,0.1,hsa-miR-24,#N/A,
hsa-mir-1185-5p,0.9,0.1,hsa-miR-25,#N/A,
hsa-mir-513a-5p,0.9,0.1,hsa-miR-34c,#N/A,
hsa-mir-6869-5p,0.9,0.1,hsa-miR-148b,#N/A,
hsa-mir-548k,0.9,0.1,hsa-miR-372,#N/A,
hsa-mir-7702,0.9,0.1,hsa-miR-34c,#N/A,
hsa-mir-3648,0.9,0.1,hsa-miR-34c,#N/A,
hsa-mir-1268b,0.9,0.1,hsa-miR-34c,#N/A,
hsa-mir-4466,0.9,0.1,hsa-miR-34c,#N/A,
hsa-mir-6729-5p,0.9,0.1,hsa-miR-34c,#N/A,
hsa-mir-1295b-5p,0.9,0.1,hsa-miR-351,#N/A,
hsa-mir-668-5p,0.9,0.1,hsa-miR-352,#N/A,
hsa-mir-4489,0.9,0.1,hsa-miR-361,#N/A,
hsa-mir-3138,0.9,0.1,hsa-miR-361,#N/A,
hsa-mir-1267,0.9,0.1,hsa-miR-361,#N/A,
hsa-mir-1282,0.9,0.1,hsa-miR-361,#N/A,
hsa-mir-3142,0.9,0.1,hsa-miR-362,#N/A,
hsa-mir-3182,0.9,0.1,hsa-miR-362,#N/A,
hsa-mir-4301,0.9,0.1,hsa-miR-362,#N/A,
hsa-mir-3913-5p,0.9,0.1,hsa-miR-362,#N/A,
hsa-mir-6124,0.9,0.1,hsa-miR-362,#N/A,
hsa-mir-4507,0.9,0.1,hsa-miR-363,#N/A,
hsa-mir-4656,0.9,0.1,hsa-miR-365,#N/A,
hsa-mir-6867-5p,0.9,0.1,hsa-miR-365,#N/A,
hsa-mir-3163,0.9,0.1,hsa-miR-367,#N/A,
hsa-mir-4746-5p,0.9,0.1,hsa-miR-367,#N/A,
hsa-mir-519c-3p,0.9,0.1,hsa-miR-367,#N/A,
hsa-mir-486-3p,0.9,0.1,hsa-miR-368,#N/A,
hsa-mir-621,1,0,hsa-miR-368,#N/A,
hsa-mir-1469,1,0,hsa-miR-148b,#N/A,
hsa-mir-2355-5p,1,0,hsa-miR-148b,#N/A,
hsa-mir-3186-5p,1,0,hsa-miR-148b,#N/A,
hsa-mir-583,1,0,hsa-miR-148b,#N/A,
hsa-mir-4484,1,0,hsa-miR-148b,#N/A,
hsa-mir-764,1,0,hsa-miR-148b,#N/A,
hsa-mir-4706,1,0,hsa-miR-148b,#N/A,
hsa-mir-4731-5p,1,0,hsa-miR-149,#N/A,
hsa-mir-514a-5p,1,0,hsa-miR-149,#N/A,
hsa-mir-6861-5p,1,0,hsa-miR-149,#N/A,
hsa-mir-3126-5p,1,0,hsa-miR-149,#N/A,
hsa-mir-4257,1,0,hsa-miR-149,#N/A,
hsa-mir-516a-5p,1,0,hsa-miR-149,#N/A,
hsa-mir-548j-5p,1,0,hsa-miR-149,#N/A,
hsa-mir-1256,1,0,hsa-miR-149,#N/A,
hsa-mir-659-5p,1,0,hsa-miR-15,#N/A,
hsa-mir-604,1,0,hsa-miR-150,#N/A,
hsa-mir-4639-5p,1,0,hsa-miR-150,#N/A,
hsa-mir-3131,1,0,hsa-miR-150,#N/A,
hsa-mir-6886-5p,1,0,hsa-miR-150,#N/A,
hsa-mir-4723-5p,1,0,hsa-miR-150,#N/A,
hsa-mir-578,1,0,hsa-miR-150,#N/A,
hsa-mir-4286,1,0,hsa-miR-153,#N/A,
hsa-mir-5004-5p,1,0,hsa-miR-15a,#N/A,
hsa-mir-606,1,0,hsa-miR-15a-2,#N/A,
hsa-mir-4633-5p,1,0,hsa-miR-15b,#N/A,
hsa-mir-4302,1,0,hsa-miR-15b,#N/A,
hsa-mir-1245b-5p,1,0,hsa-miR-15b,#N/A,
hsa-mir-568,1,0,hsa-miR-15b,#N/A,
hsa-mir-3117-5p,1,0,hsa-miR-15b,#N/A,
hsa-mir-3664-5p,1,0,hsa-miR-15b,#N/A,
hsa-mir-4326,1,0,hsa-miR-15b,#N/A,
hsa-mir-3147,1,0,hsa-miR-15b,#N/A,
hsa-mir-3160-5p,1,0,hsa-miR-15b,#N/A,
hsa-mir-1306-5p,1,0,hsa-let-7c,#N/A,
hsa-mir-562,1,0,hsa-let-7c,#N/A,
hsa-mir-4516,1,0,hsa-let-7c,#N/A,
hsa-mir-548t-5p,1,0,hsa-let-7c,#N/A,
hsa-mir-450a-1-3p,1,0,hsa-let-7c,#N/A,
hsa-mir-450a-2-3p,1,0,hsa-let-7c,#N/A,
hsa-mir-1305,1,0,hsa-let-7c,#N/A,
hsa-mir-1322,1,0,hsa-let-7c,#N/A,
hsa-mir-633,1,0,hsa-let-7c,#N/A,
hsa-mir-4291,1,0,hsa-let-7c,#N/A,
hsa-mir-2116-5p,1,0,hsa-let-7c,#N/A,
hsa-mir-521,1,0,hsa-miR-133a,hsa-miR-521,
hsa-mir-3923,1,0,hsa-miR-133a,#N/A,
hsa-mir-548l,1,0,hsa-miR-186,#N/A,
hsa-mir-1468-5p,1,0,hsa-miR-222,#N/A,
hsa-mir-7706,1,0,hsa-miR-106a,#N/A,
hsa-mir-6782-5p,1,0,hsa-miR-125b-2,#N/A,
hsa-mir-3714,1,0,hsa-miR-147,#N/A,
hsa-mir-412-5p,1,0,hsa-miR-195,#N/A,
hsa-mir-4281,1,0,hsa-miR-433,#N/A,
,,,hsa-miR-518b,,
,,,hsa-miR-9*,,
,,,hsa-miR-99a,,
,,,hsa-miR-122a,,
,,,hsa-miR-130a,,
,,,hsa-miR-143,,
,,,hsa-miR-199a*,,
,,,hsa-miR-200c,,
,,,hsa-miR-155,,
,,,hsa-let-7f,,
,,,hsa-let-7f,,
,,,hsa-let-7f-1,,
,,,hsa-let-7f-1,,
,,,hsa-let-7f-1,,
,,,hsa-let-7f-1,,
,,,hsa-let-7f-1,,
,,,hsa-let-7f-2,,
,,,hsa-let-7f-2,,
,,,hsa-let-7b,,
,,,hsa-let-7b,,
,,,hsa-let-7b,,
,,,hsa-let-7b,,
,,,hsa-let-7b,,
,,,hsa-let-7b,,
,,,hsa-let-7b,,
,,,hsa-let-7b,,
,,,hsa-let-7b,,
,,,hsa-let-7b,,
,,,hsa-let-7c,,
,,,hsa-let-7c,,
,,,hsa-let-7c,,
,,,hsa-let-7c,,
,,,hsa-let-7c,,
,,,hsa-miR-132,,
,,,hsa-miR-132,,
,,,hsa-miR-132,,
,,,hsa-miR-132,,
,,,hsa-miR-132,,
,,,hsa-miR-132,,
,,,hsa-miR-132,,
,,,hsa-miR-132,,
,,,hsa-miR-132,,
,,,hsa-miR-21,,
,,,hsa-miR-21,,
,,,hsa-miR-21,,
,,,hsa-miR-21,,
,,,hsa-miR-21,,
,,,hsa-miR-21,,
,,,hsa-miR-21,,
,,,hsa-miR-21,,
,,,hsa-miR-21,,
,,,hsa-miR-21,,
,,,hsa-miR-21,,
,,,hsa-miR-21,,
,,,hsa-miR-21,,
,,,hsa-miR-21,,
,,,hsa-miR-21,,
,,,hsa-miR-21,,
,,,hsa-miR-21,,
,,,hsa-miR-21,,
,,,hsa-miR-21,,
,,,hsa-miR-21,,
,,,hsa-miR-21,,
,,,hsa-miR-21,,
,,,hsa-miR-21,,
,,,hsa-miR-21,,
